{"result":[{"tier_eighty_five":5,"tier_ninety":17,"Title":"num approx/discr","Section":"201","Detail":"","tier_seventy_two":7,"Other":1,"Low":34,"tier_sixty_four":5,"id":1288,"tier_sixty_eight":7,"tier_zero":0,"tier_seventy_six":6,"tier_thirty":1,"tier_fifty":1,"Professor":"greif, chen","Audit":1,"tier_g_fifty":2,"tier_forty":1,"Withdrew":4,"Year":"2014","tier_twenty":0,"Stddev":14.42,"Enrolled":71,"tier_fifty_five":4,"tier_eighty":9,"tier_sixty":2,"tier_ten":0,"High":100,"Course":"303","Session":"w","Pass":63,"Fail":2,"Avg":77.4,"Campus":"ubc","Subject":"cpsc"},{"tier_eighty_five":5,"tier_ninety":17,"Title":"num approx/discr","Section":"overall","Detail":"","tier_seventy_two":7,"Other":1,"Low":34,"tier_sixty_four":5,"id":1289,"tier_sixty_eight":7,"tier_zero":0,"tier_seventy_six":6,"tier_thirty":1,"tier_fifty":1,"Professor":"","Audit":1,"tier_g_fifty":2,"tier_forty":1,"Withdrew":4,"Year":"2014","tier_twenty":0,"Stddev":14.42,"Enrolled":71,"tier_fifty_five":4,"tier_eighty":9,"tier_sixty":2,"tier_ten":0,"High":100,"Course":"303","Session":"w","Pass":63,"Fail":2,"Avg":77.4,"Campus":"ubc","Subject":"cpsc"},{"tier_eighty_five":3,"tier_ninety":6,"Title":"num approx/discr","Section":"201","Detail":"","tier_seventy_two":1,"Other":1,"Low":30,"tier_sixty_four":0,"id":46689,"tier_sixty_eight":1,"tier_zero":0,"tier_seventy_six":2,"tier_thirty":4,"tier_fifty":1,"Professor":"greif, chen","Audit":0,"tier_g_fifty":4,"tier_forty":0,"Withdrew":1,"Year":"2009","tier_twenty":0,"Stddev":21.11,"Enrolled":28,"tier_fifty_five":2,"tier_eighty":5,"tier_sixty":1,"tier_ten":0,"High":98,"Course":"303","Session":"w","Pass":22,"Fail":4,"Avg":72.69,"Campus":"ubc","Subject":"cpsc"},{"tier_eighty_five":3,"tier_ninety":6,"Title":"num approx/discr","Section":"overall","Detail":"","tier_seventy_two":1,"Other":1,"Low":30,"tier_sixty_four":0,"id":46690,"tier_sixty_eight":1,"tier_zero":0,"tier_seventy_six":2,"tier_thirty":4,"tier_fifty":1,"Professor":"","Audit":0,"tier_g_fifty":4,"tier_forty":0,"Withdrew":1,"Year":"2009","tier_twenty":0,"Stddev":21.11,"Enrolled":28,"tier_fifty_five":2,"tier_eighty":5,"tier_sixty":1,"tier_ten":0,"High":98,"Course":"303","Session":"w","Pass":22,"Fail":4,"Avg":72.69,"Campus":"ubc","Subject":"cpsc"},{"tier_eighty_five":2,"tier_ninety":13,"Title":"num approx/discr","Section":"101","Detail":"","tier_seventy_two":5,"Other":0,"Low":0,"tier_sixty_four":6,"id":49887,"tier_sixty_eight":2,"tier_zero":2,"tier_seventy_six":4,"tier_thirty":1,"tier_fifty":5,"Professor":"ascher, uri michael","Audit":0,"tier_g_fifty":4,"tier_forty":0,"Withdrew":2,"Year":"2013","tier_twenty":1,"Stddev":23.21,"Enrolled":51,"tier_fifty_five":2,"tier_eighty":3,"tier_sixty":2,"tier_ten":0,"High":99,"Course":"303","Session":"w","Pass":44,"Fail":4,"Avg":70.92,"Campus":"ubc","Subject":"cpsc"},{"tier_eighty_five":2,"tier_ninety":13,"Title":"num approx/discr","Section":"overall","Detail":"","tier_seventy_two":5,"Other":0,"Low":0,"tier_sixty_four":6,"id":49888,"tier_sixty_eight":2,"tier_zero":2,"tier_seventy_six":4,"tier_thirty":1,"tier_fifty":5,"Professor":"","Audit":0,"tier_g_fifty":4,"tier_forty":0,"Withdrew":2,"Year":"2013","tier_twenty":1,"Stddev":23.21,"Enrolled":51,"tier_fifty_five":2,"tier_eighty":3,"tier_sixty":2,"tier_ten":0,"High":99,"Course":"303","Session":"w","Pass":44,"Fail":4,"Avg":70.92,"Campus":"ubc","Subject":"cpsc"},{"tier_eighty_five":3,"tier_ninety":7,"Title":"num approx/discr","Section":"201","Detail":"","tier_seventy_two":5,"Other":0,"Low":44,"tier_sixty_four":5,"id":51999,"tier_sixty_eight":3,"tier_zero":0,"tier_seventy_six":3,"tier_thirty":0,"tier_fifty":1,"Professor":"","Audit":0,"tier_g_fifty":1,"tier_forty":1,"Withdrew":1,"Year":"2008","tier_twenty":0,"Stddev":13.66,"Enrolled":41,"tier_fifty_five":8,"tier_eighty":0,"tier_sixty":4,"tier_ten":0,"High":96,"Course":"303","Session":"w","Pass":39,"Fail":1,"Avg":70.98,"Campus":"ubc","Subject":"cpsc"},{"tier_eighty_five":3,"tier_ninety":7,"Title":"num approx/discr","Section":"overall","Detail":"","tier_seventy_two":5,"Other":0,"Low":44,"tier_sixty_four":5,"id":52000,"tier_sixty_eight":3,"tier_zero":0,"tier_seventy_six":3,"tier_thirty":0,"tier_fifty":1,"Professor":"","Audit":0,"tier_g_fifty":1,"tier_forty":1,"Withdrew":1,"Year":"2008","tier_twenty":0,"Stddev":13.66,"Enrolled":41,"tier_fifty_five":8,"tier_eighty":0,"tier_sixty":4,"tier_ten":0,"High":96,"Course":"303","Session":"w","Pass":39,"Fail":1,"Avg":70.98,"Campus":"ubc","Subject":"cpsc"},{"tier_eighty_five":7,"tier_ninety":6,"Title":"num approx/discr","Section":"201","Detail":"","tier_seventy_two":0,"Other":0,"Low":0,"tier_sixty_four":5,"id":61117,"tier_sixty_eight":5,"tier_zero":1,"tier_seventy_six":1,"tier_thirty":2,"tier_fifty":3,"Professor":"mitchell, ian","Audit":0,"tier_g_fifty":5,"tier_forty":1,"Withdrew":0,"Year":"2011","tier_twenty":1,"Stddev":20.27,"Enrolled":44,"tier_fifty_five":0,"tier_eighty":7,"tier_sixty":5,"tier_ten":0,"High":99,"Course":"303","Session":"w","Pass":39,"Fail":5,"Avg":70.16,"Campus":"ubc","Subject":"cpsc"},{"tier_eighty_five":7,"tier_ninety":6,"Title":"num approx/discr","Section":"overall","Detail":"","tier_seventy_two":0,"Other":0,"Low":0,"tier_sixty_four":5,"id":61118,"tier_sixty_eight":5,"tier_zero":1,"tier_seventy_six":1,"tier_thirty":2,"tier_fifty":3,"Professor":"","Audit":0,"tier_g_fifty":5,"tier_forty":1,"Withdrew":0,"Year":"2011","tier_twenty":1,"Stddev":20.27,"Enrolled":44,"tier_fifty_five":0,"tier_eighty":7,"tier_sixty":5,"tier_ten":0,"High":99,"Course":"303","Session":"w","Pass":39,"Fail":5,"Avg":70.16,"Campus":"ubc","Subject":"cpsc"},{"tier_eighty_five":6,"tier_ninety":10,"Title":"num approx/discr","Section":"201","Detail":"","tier_seventy_two":10,"Other":1,"Low":27,"tier_sixty_four":4,"id":62380,"tier_sixty_eight":3,"tier_zero":0,"tier_seventy_six":9,"tier_thirty":0,"tier_fifty":6,"Professor":"gelbart, michael","Audit":0,"tier_g_fifty":1,"tier_forty":0,"Withdrew":0,"Year":"2015","tier_twenty":1,"Stddev":15.31,"Enrolled":66,"tier_fifty_five":7,"tier_eighty":7,"tier_sixty":2,"tier_ten":0,"High":100,"Course":"303","Session":"w","Pass":64,"Fail":1,"Avg":74.23,"Campus":"ubc","Subject":"cpsc"},{"tier_eighty_five":6,"tier_ninety":10,"Title":"num approx/discr","Section":"overall","Detail":"","tier_seventy_two":10,"Other":1,"Low":27,"tier_sixty_four":4,"id":62381,"tier_sixty_eight":3,"tier_zero":0,"tier_seventy_six":9,"tier_thirty":0,"tier_fifty":6,"Professor":"","Audit":0,"tier_g_fifty":1,"tier_forty":0,"Withdrew":0,"Year":"2015","tier_twenty":1,"Stddev":15.31,"Enrolled":66,"tier_fifty_five":7,"tier_eighty":7,"tier_sixty":2,"tier_ten":0,"High":100,"Course":"303","Session":"w","Pass":64,"Fail":1,"Avg":74.23,"Campus":"ubc","Subject":"cpsc"},{"tier_eighty_five":6,"tier_ninety":8,"Title":"num approx/discr","Section":"101","Detail":"","tier_seventy_two":3,"Other":0,"Low":35,"tier_sixty_four":1,"id":72354,"tier_sixty_eight":3,"tier_zero":0,"tier_seventy_six":2,"tier_thirty":1,"tier_fifty":2,"Professor":"ascher, uri michael","Audit":0,"tier_g_fifty":1,"tier_forty":0,"Withdrew":3,"Year":"2010","tier_twenty":0,"Stddev":14.97,"Enrolled":37,"tier_fifty_five":1,"tier_eighty":5,"tier_sixty":2,"tier_ten":0,"High":98,"Course":"303","Session":"w","Pass":33,"Fail":1,"Avg":77.62,"Campus":"ubc","Subject":"cpsc"},{"tier_eighty_five":6,"tier_ninety":8,"Title":"num approx/discr","Section":"overall","Detail":"","tier_seventy_two":3,"Other":0,"Low":35,"tier_sixty_four":1,"id":72355,"tier_sixty_eight":3,"tier_zero":0,"tier_seventy_six":2,"tier_thirty":1,"tier_fifty":2,"Professor":"","Audit":0,"tier_g_fifty":1,"tier_forty":0,"Withdrew":3,"Year":"2010","tier_twenty":0,"Stddev":14.97,"Enrolled":37,"tier_fifty_five":1,"tier_eighty":5,"tier_sixty":2,"tier_ten":0,"High":98,"Course":"303","Session":"w","Pass":33,"Fail":1,"Avg":77.62,"Campus":"ubc","Subject":"cpsc"},{"tier_eighty_five":5,"tier_ninety":6,"Title":"num approx/discr","Section":"201","Detail":"","tier_seventy_two":4,"Other":0,"Low":22,"tier_sixty_four":3,"id":83426,"tier_sixty_eight":2,"tier_zero":0,"tier_seventy_six":3,"tier_thirty":0,"tier_fifty":1,"Professor":"mitchell, ian","Audit":0,"tier_g_fifty":2,"tier_forty":0,"Withdrew":4,"Year":"2012","tier_twenty":2,"Stddev":18.25,"Enrolled":38,"tier_fifty_five":4,"tier_eighty":1,"tier_sixty":3,"tier_ten":0,"High":98,"Course":"303","Session":"w","Pass":32,"Fail":2,"Avg":72.5,"Campus":"ubc","Subject":"cpsc"},{"tier_eighty_five":5,"tier_ninety":6,"Title":"num approx/discr","Section":"overall","Detail":"","tier_seventy_two":4,"Other":0,"Low":22,"tier_sixty_four":3,"id":83427,"tier_sixty_eight":2,"tier_zero":0,"tier_seventy_six":3,"tier_thirty":0,"tier_fifty":1,"Professor":"","Audit":0,"tier_g_fifty":2,"tier_forty":0,"Withdrew":4,"Year":"2012","tier_twenty":2,"Stddev":18.25,"Enrolled":38,"tier_fifty_five":4,"tier_eighty":1,"tier_sixty":3,"tier_ten":0,"High":98,"Course":"303","Session":"w","Pass":32,"Fail":2,"Avg":72.5,"Campus":"ubc","Subject":"cpsc"},{"tier_eighty_five":2,"tier_ninety":3,"Title":"num approx/discr","Section":"201","Detail":"","tier_seventy_two":3,"Other":0,"Low":31,"tier_sixty_four":0,"id":90534,"tier_sixty_eight":2,"tier_zero":0,"tier_seventy_six":0,"tier_thirty":2,"tier_fifty":2,"Professor":"mitchell, ian","Audit":0,"tier_g_fifty":3,"tier_forty":1,"Withdrew":0,"Year":"2007","tier_twenty":0,"Stddev":20.53,"Enrolled":17,"tier_fifty_five":0,"tier_eighty":1,"tier_sixty":1,"tier_ten":0,"High":95,"Course":"303","Session":"w","Pass":14,"Fail":3,"Avg":68.35,"Campus":"ubc","Subject":"cpsc"},{"tier_eighty_five":2,"tier_ninety":3,"Title":"num approx/discr","Section":"overall","Detail":"","tier_seventy_two":3,"Other":0,"Low":31,"tier_sixty_four":0,"id":90535,"tier_sixty_eight":2,"tier_zero":0,"tier_seventy_six":0,"tier_thirty":2,"tier_fifty":2,"Professor":"","Audit":0,"tier_g_fifty":3,"tier_forty":1,"Withdrew":0,"Year":"2007","tier_twenty":0,"Stddev":20.53,"Enrolled":17,"tier_fifty_five":0,"tier_eighty":1,"tier_sixty":1,"tier_ten":0,"High":95,"Course":"303","Session":"w","Pass":14,"Fail":3,"Avg":68.35,"Campus":"ubc","Subject":"cpsc"}],"rank":1027}